<?xml version="1.0" encoding="UTF-8"?>
<rules
    xmlns="http://namespaces.plone.org/diazo"
    xmlns:css="http://namespaces.plone.org/diazo/css"
    xmlns:xsl="http://www.w3.org/1999/XSL/Transform">

    <!-- Prevent theme usage in zmi-->
    <theme href="indexpage.html" />

    <replace content="/html/head/title" theme="/html/head/title" />
    <replace content="/html/head/base" theme="/html/head/base" />
    <replace content="/html/head/meta" theme="/html/head/meta" />
    <before content='/html/head/*' theme='/html/head/link' />

    <copy attributes="class" css:theme="body" css:content="body"/>

    <drop if-content="not(//*[@id='complaint_link'])"
          css:theme="#complaint_link" />

    <replace css:content="#complaint_link a" css:theme="#questions_comments a" />

    <copy content='//*[@id="portal-breadcrumbs"]/*'
          theme='//*[@id="portal-breadcrumbs"]' />

    <replace css:if-content=".documentEditable"
             css:content='.documentEditable'
             css:theme='.documentEditable' />

    <replace if-content="not(//*[@class='documentEditable'])"
             css:content='#content'
             css:theme='.documentEditable' />

    <replace css:content='.p4acalendar'
             css:theme='.p4acalendar' />

    <replace css:content='#plone-lock-status'
             css:theme='#plone-lock-status' />

    <copy css:content="#modified_block"
          css:theme="#modified_block" />


    <replace content="//*[@id='portal-column-one']/*[@id='portletmanager-plone-leftcolumn']"
             css:theme="#portletmanager-plone-leftcolumn"/>   

    <replace content="//*[@id='portal-column-one']/*[starts-with(@id, 'portletwrapper')]"
             css:theme="#portletwrapper"/>
   
    <replace content="//*[@id='portal-column-one']/*[@class='managePortletsLink']"
             css:theme=".managePortletsLink"/>    

    <replace content="//*[@id='portal-column-one']/*[starts-with(@id, 'portletwrapper')]"
             css:theme="#portletwrapper"/>

    <replace css:content=".managePortletsFallback"
             css:theme=".manageLinkNoPortlets"/>

    <copy if-content="//div[@id='portal-column-two']"
          content='//*[@id="portal-column-two"]/*'
          theme='//*[@id="portal-column-two"]' />

    <drop if-content="not(//div[@id='portal-column-two'])"
          theme='//*[@id="portal-column-two"]' />
  
    <replace css:content='.documentFirstHeading'
             css:theme='.documentFirstHeading'/>

    <replace css:content='#edit-bar'
             css:theme='#edit-bar'/>

    <replace css:content='.portalMessage'
             css:theme='.portalMessage'/>

    <replace css:content="#plone-document-byline"
             css:theme="#plone-document-byline"/>

    <replace css:content=".documentDescription"
             css:theme=".documentDescription"/>

    <drop css:content="#relatedItemBox"/>

    <replace css:content="#featured_items"
             if-content='//*[@class="featured_item"]'>
        <div class="featured_items">
            <table width="500" cellpadding="2" cellspacing="0" border="0">
	               <tr>
	                <td bgcolor="#72878F">
	                      <div style="margin-left:3px; font-size:90%" class="whitetext"><b>Featured Items:</b></div>
	                </td>
	              </tr>
	        </table>
            <table>
              <xsl:for-each css:select=".featured_item">
                <tr>
                  <td>
                    <img width="9" border="0" 
                         height="6" src="/++theme++tceq.diazo/static-assets/arrow_orange.gif" 
                         alt="" style="width: 9px; height: 6px; padding:.5em;"></img>  
                  </td>
                  <td>
                    <xsl:copy-of select="."/>
                  </td>
                </tr>
              </xsl:for-each>
            </table>
        </div>
    </replace>

    <replace css:content="#related_categories"
             if-content='//*[@class="related_category"]'>
        <div class="related_categories">
            <table width="500" cellpadding="2" cellspacing="0" border="0">
	            <tr>
	              <td bgcolor="#72878F">
	                <div style="margin-left:3px; font-size:90%" class="whitetext"><b>Related Categories:</b></div>
	             </td>
	           </tr>
	        </table>
            <table>
              <xsl:for-each css:select=".related_category">
                <tr>
                  <td>
                  <img width="9" border="0" 
                       height="6" src="/++theme++tceq.diazo/static-assets/arrow_orange.gif" 
                       alt="" style="width: 9px; height: 6px; padding:.5em;"></img>  
                   </td>
                  <td>
                    <xsl:copy-of select="."/>
                  </td>
                </tr>
              </xsl:for-each>
            </table>
        </div>
    </replace>

    <replace css:content="#topics"
             if-content='//*[@class="topic"]'>
        <div class="topics">
            <table width="500" cellpadding="2" cellspacing="0" border="0">
	           <tr>
	             <td bgcolor="#72878F">
	                <div style="margin-left:3px; font-size:90%" class="whitetext"><b>Topics Under This Category:</b></div>
	             </td>
	           </tr>
	        </table>
            <table>
              <xsl:for-each css:select=".topic">
               <tr>
                 <td>
                    <img width="9" border="0" 
                         height="6" src="/++theme++tceq.diazo/static-assets/arrow_orange.gif" 
                         alt="" style="width: 9px; height: 6px; padding:.5em;"></img>  
                 </td>
                 <td>
                    <xsl:copy-of select="."/>
                 </td>
               </tr>
              </xsl:for-each>
            </table>
        </div>
    </replace>
</rules>
